{
    "geometries": {
        "cuerpo_torso": {
            "shape": "cylinder",
            "geoParams": {
                "radiusTop": 11.918534945995622,
                "radiusBottom": 14.302241935194747,
                "height": 38.13931182718599,
                "radialSegments": 32
            }
        },
        "cuello": {
            "shape": "cylinder",
            "geoParams": {
                "radiusTop": 7.1511209675973735,
                "radiusBottom": 9.534827956796498,
                "height": 14.302241935194747,
                "radialSegments": 16
            }
        },
        "cabeza": {
            "shape": "sphere",
            "geoParams": {
                "radius": 10.297614193340216,
                "widthSegments": 16,
                "heightSegments": 16
            }
        },
        "hocico": {
            "shape": "sphere",
            "geoParams": {
                "radius": 3.813931182718599
            }
        },
        "pata_delantera_derecha": {
            "shape": "cylinder",
            "geoParams": {
                "radiusTop": 1.9069655913592995,
                "radiusBottom": 2.860448387038949,
                "height": 42.90672580558424
            }
        },
        "pata_delantera_izquierda": {
            "shape": "cylinder",
            "geoParams": {
                "radiusTop": 1.9069655913592995,
                "radiusBottom": 2.860448387038949,
                "height": 42.90672580558424
            }
        },
        "pata_trasera_derecha": {
            "shape": "cylinder",
            "geoParams": {
                "radiusTop": 1.9069655913592995,
                "radiusBottom": 2.860448387038949,
                "height": 42.90672580558424
            }
        },
        "pata_trasera_izquierda": {
            "shape": "cylinder",
            "geoParams": {
                "radiusTop": 1.9069655913592995,
                "radiusBottom": 2.860448387038949,
                "height": 42.90672580558424
            }
        },
        "hoof_fl": {
            "shape": "box",
            "geoParams": {
                "width": 4.767413978398249,
                "height": 2.3837069891991245,
                "depth": 4.767413978398249
            }
        },
        "hoof_fr": {
            "shape": "box",
            "geoParams": {
                "width": 4.767413978398249,
                "height": 2.3837069891991245,
                "depth": 4.767413978398249
            }
        },
        "hoof_rl": {
            "shape": "box",
            "geoParams": {
                "width": 4.767413978398249,
                "height": 2.3837069891991245,
                "depth": 4.767413978398249
            }
        },
        "hoof_rr": {
            "shape": "box",
            "geoParams": {
                "width": 4.767413978398249,
                "height": 2.3837069891991245,
                "depth": 4.767413978398249
            }
        },
        "oreja_derecha": {
            "shape": "cone",
            "geoParams": {
                "radius": 4.767413978398249,
                "height": 7.1511209675973735,
                "radialSegments": 8
            }
        },
        "oreja_izquierda": {
            "shape": "cone",
            "geoParams": {
                "radius": 4.767413978398249,
                "height": 7.1511209675973735,
                "radialSegments": 8
            }
        },
        "asta_base_derecha": {
            "shape": "cylinder",
            "geoParams": {
                "radiusTop": 2.3837069891991245,
                "radiusBottom": 3.3371897848787744,
                "height": 4.767413978398249
            }
        },
        "asta_principal_derecha": {
            "shape": "cylinder",
            "geoParams": {
                "radiusTop": 1.4302241935194746,
                "radiusBottom": 2.3837069891991245,
                "height": 28.604483870389494
            }
        },
        "asta_punta_derecha": {
            "shape": "cone",
            "geoParams": {
                "radius": 1.9069655913592995,
                "height": 9.534827956796498,
                "radialSegments": 8
            }
        },
        "asta_base_izquierda": {
            "shape": "cylinder",
            "geoParams": {
                "radiusTop": 2.3837069891991245,
                "radiusBottom": 3.3371897848787744,
                "height": 4.767413978398249
            }
        },
        "asta_principal_izquierda": {
            "shape": "cylinder",
            "geoParams": {
                "radiusTop": 1.4302241935194746,
                "radiusBottom": 2.3837069891991245,
                "height": 28.604483870389494
            }
        },
        "asta_punta_izquierda": {
            "shape": "cone",
            "geoParams": {
                "radius": 1.9069655913592995,
                "height": 9.534827956796498,
                "radialSegments": 8
            }
        },
        "ojo_izquierdo": {
            "shape": "sphere",
            "geoParams": {
                "radius": 1.4302241935194746,
                "widthSegments": 32,
                "heightSegments": 16
            }
        },
        "ojo_derecho": {
            "shape": "sphere",
            "geoParams": {
                "radius": 1.4302241935194746,
                "widthSegments": 32,
                "heightSegments": 16
            }
        }
    },
    "materials": {
        "cuerpo_torso": {
            "color": "#a0522d",
            "texture": ""
        },
        "cuello": {
            "color": "#A0522D",
            "texture": ""
        },
        "cabeza": {
            "color": "#A0522D",
            "texture": ""
        },
        "hocico": {
            "color": "#FFF8E1",
            "texture": ""
        },
        "pata_delantera_derecha": {
            "color": "#8B4513",
            "texture": ""
        },
        "pata_delantera_izquierda": {
            "color": "#8B4513",
            "texture": ""
        },
        "pata_trasera_derecha": {
            "color": "#8B4513",
            "texture": ""
        },
        "pata_trasera_izquierda": {
            "color": "#8B4513",
            "texture": ""
        },
        "hoof_fl": {
            "color": "#333333",
            "texture": ""
        },
        "hoof_fr": {
            "color": "#333333",
            "texture": ""
        },
        "hoof_rl": {
            "color": "#333333",
            "texture": ""
        },
        "hoof_rr": {
            "color": "#333333",
            "texture": ""
        },
        "oreja_derecha": {
            "color": "#8B4513",
            "texture": ""
        },
        "oreja_izquierda": {
            "color": "#8B4513",
            "texture": ""
        },
        "asta_base_derecha": {
            "color": "#6E533A",
            "texture": ""
        },
        "asta_principal_derecha": {
            "color": "#6E533A",
            "texture": ""
        },
        "asta_punta_derecha": {
            "color": "#6E533A",
            "texture": ""
        },
        "asta_base_izquierda": {
            "color": "#5A4733",
            "texture": ""
        },
        "asta_principal_izquierda": {
            "color": "#5A4733",
            "texture": ""
        },
        "asta_punta_izquierda": {
            "color": "#5A4733",
            "texture": ""
        },
        "ojo_izquierdo": {
            "color": "#000000",
            "texture": ""
        },
        "ojo_derecho": {
            "color": "#000000",
            "texture": ""
        }
    },
    "positions": {
        "cuerpo_torso": {
            "x": 0,
            "y": 33.13352714986783,